﻿Designator,Quantity,Value,Footprint,Package,MPN,DNP,Mount_Type,Description,URL,Category,Family,DK_Datasheet_Link,DK_Detail_Page,Manufacturer,Status
C1,1,"2.2uF,100V",C_0805_2012Metric,,C2012X7R2A225K125AC,,smt,Unpolarized capacitor,https://www.digikey.com/en/products/detail/tdk-corporation/C2012X7R2A225K125AC/20482638,,,,,,
C2,1,"22uF,10V+",C_0402_1005Metric,,GRM158R61A226ME15D,,smt,Unpolarized capacitor,https://www.digikey.com/en/products/detail/murata-electronics/GRM158R61A226ME15D/16033379,,,,,,
D1,1,LED_Dual_AAK,LED_D5.0mm-3,,WP59SURKZGW,,tht,"Dual LED, common cathode on pin 3",https://www.digikey.com/en/products/detail/kingbright/WP59SURKZGW/12675449,,,,,,
IC1,1,ATtiny85-20M,SOIC-8_W5.3mm,,ATTINY85-20SU,,smt,IC MCU 8BIT 8KB FLASH 8SOIC,,Integrated Circuits (ICs),Embedded - Microcontrollers,http://www.microchip.com/mymicrochip/filehandler.aspx?ddocname=en589894,/product-detail/en/microchip-technology/ATTINY85-20SU/ATTINY85-20SU-ND/735470,Microchip Technology,Active
IC2,1,AP7375-33SA-7,SOT96P240X110-3N,,AP7375-33SA-7,,smt,LDO Voltage Regulators LDO CMOS LowCurr SOT23 T&R 3K,https://www.digikey.com/en/products/detail/diodes-incorporated/AP7375-33SA-7/16400213?s=N4IgTCBcDaIIIAUDsBmJBWAtClBlOmSIAugL5A,,,,,,
POT1,1,TC33X-2-103E,Trimpot_3.8mmx3.6mm_TC33X-2-103E,,TC33X-2-103E,,smt,TRIMMER 10K OHM 0.1W J LEAD TOP,,"Potentiometers, Variable Resistors",Trimmer Potentiometers,https://www.bourns.com/docs/Product-Datasheets/TC33.pdf,/product-detail/en/bourns-inc/TC33X-2-103E/TC33X-103ETR-ND/612858,Bourns Inc.,Active
R1,1,10K .1%,R_0603_1608Metric,,ERA-1AEB103C,,smt,Resistor,https://www.digikey.com/en/products/detail/panasonic-electronic-components/ERA-1AEB103C/5035568,,,,,,
R2,1,3K3 0.1%,R_0603_1608Metric,,ERA-1AEB332C,,smt,Resistor,https://www.digikey.com/en/products/detail/panasonic-electronic-components/ERA-1AEB332C/13149156?s=N4IgjCBcoExaBjKAzAhgGwM4FMA0IB7KAbRAHYBWGAFhAF18AHAFyhAGVmAnASwDsA5iAC%2B%2BAMzwQSSGix5CJcmIgMQLNp16CR%2BCpOmyc%2BIpFLKAbAE4wtVesgdu-IaPDn9KDEYWmQYywAMZAAc9EysDprOOuBkHjJe8iakMAFgenYRjlou%2BNTu0FKecsaKFNTpYWpZUdquYGS0hQaJpb4VDebumRpOdfgwVPGGSYo0MJZituG9OTFkQcOtPqQqM5F9ueBgMHHNxd7JIHA9DgAiBACuAEbo2DE71kslK36BZHGn2dH1FAEBz0OinyFE%2B62%2B-XAFGUgNGvjW1VmP3wYEswUssLapABdFcqWCen2CReRzEADoxAACADWAHkABYAW0wVXsIAAqnweMxacgALLYVCYS5ce6uAC0ECJIyx4BxEqaiAOcNI%2BX%2B8vw4sJSuJQPhIAGBuO1AkuM1ex1Mte5gClkmZFwYHlwmEQA,,,,,,
"R3, R4",2,65,R_0603_1608Metric,,ERJ-1GNF64R9C,,smt,Resistor,https://www.digikey.com/en/products/detail/panasonic-electronic-components/ERJ-1GNF64R9C/2035977,,,,,,
TP1,1,VBATT,PinHeader_1x01_P2.00mm_Vertical,,,Yes,tht,test point,,,,,,,
TP2,1,GND,PinHeader_1x01_P2.00mm_Vertical,,,Yes,tht,test point,,,,,,,
TP3,1,GND,PinHeader_1x01_P1.00mm_Vertical,,,Yes,tht,test point,,,,,,,
TP4,1,3V3,PinHeader_1x01_P1.00mm_Vertical,,,Yes,tht,test point,,,,,,,
TP5,1,MISO,PinHeader_1x01_P1.00mm_Vertical,,,Yes,tht,test point,,,,,,,
TP6,1,MOSI,PinHeader_1x01_P1.00mm_Vertical,,,Yes,tht,test point,,,,,,,
TP7,1,SCK,PinHeader_1x01_P1.00mm_Vertical,,,Yes,tht,test point,,,,,,,
TP8,1,RST,PinHeader_1x01_P1.00mm_Vertical,,,Yes,tht,test point,,,,,,,
