﻿pos_x,pos_y,rotation,side,designator,mpn,pack,footprint,value,mount_type,place
135.4,-93.25,180.0,top,C1,C2012X7R2A225K125AC,,C_0805_2012Metric,"2.2uF,100V",smt,True
138.1,-81.55,0.0,top,C2,GRM158R61A226ME15D,,C_0402_1005Metric,"22uF,10V+",smt,True
135.24,-87.1,180.0,top,D1,WP59SURKZGW,,LED_D5.0mm-3,LED_Dual_AAK,tht,True
132.45,-82.9,0.0,top,IC1,ATTINY85-20SU,,SOIC-8_W5.3mm,ATtiny85-20M,smt,True
138.25,-87.2,90.0,top,IC2,AP7375-33SA-7,,SOT96P240X110-3N,AP7375-33SA-7,smt,True
127.3,-85.3,180.0,top,POT1,TC33X-2-103E,,Trimpot_3.8mmx3.6mm_TC33X-2-103E,TC33X-2-103E,smt,True
137.9,-84.5,0.0,top,R1,ERA-1AEB103C,,R_0603_1608Metric,10K .1%,smt,True
137.55,-82.95,0.0,top,R2,ERA-1AEB332C,,R_0603_1608Metric,3K3 0.1%,smt,True
134.618279,-89.3,0.0,top,R3,ERJ-1GNF64R9C,,R_0603_1608Metric,65,smt,True
131.45,-89.3,0.0,top,R4,ERJ-1GNF64R9C,,R_0603_1608Metric,65,smt,True
135.6,-91.25,0.0,top,TP1,,,PinHeader_1x01_P2.00mm_Vertical,VBATT,tht,True
138.3,-90.55,0.0,top,TP2,,,PinHeader_1x01_P2.00mm_Vertical,GND,tht,True
126.35,-93.0,0.0,top,TP3,,,PinHeader_1x01_P1.00mm_Vertical,GND,tht,True
126.341724,-88.65,0.0,top,TP4,,,PinHeader_1x01_P1.00mm_Vertical,3V3,tht,True
128.805,-93.015,0.0,top,TP5,,,PinHeader_1x01_P1.00mm_Vertical,MISO,tht,True
128.805,-90.815,0.0,top,TP6,,,PinHeader_1x01_P1.00mm_Vertical,MOSI,tht,True
128.808276,-88.665,0.0,top,TP7,,,PinHeader_1x01_P1.00mm_Vertical,SCK,tht,True
126.35,-90.85,0.0,top,TP8,,,PinHeader_1x01_P1.00mm_Vertical,RST,tht,True
